{"cameraMode":{"drawMode":0,"name":"Shaded","section":"Shading Mode"},"sceneLighting":false,"audioPlay":false,"sceneViewState":{"m_AlwaysRefresh":false,"showFog":true,"showSkybox":false,"showFlares":true,"showImageEffects":true,"showParticleSystems":true,"showVisualEffectGraphs":true,"m_FxEnabled":true},"in2DMode":false,"pivot":{"x":-4.831798553466797,"y":-1.7482068538665772,"z":11.622535705566407},"rotation":{"x":-0.06138617545366287,"y":0.11115311831235886,"z":-0.006879040505737066,"w":-0.9918829798698425},"size":11.323436737060547,"orthographic":false}